Workbook

Sheet Expense Data
A1: Expense ID | B1: Executive Name | C1: Expense Date | D1: Category | E1: Description | F1: Vendor | G1: Amount | H1: Payment Method | I1: Receipt Status | J1: Approval Status | K1: Reimbursement Status
A2: EXP001 | B2: Arjun Mehta | C2: 46266 | D2: Travel | E2: Flight to Bengaluru | F2: IndiGo | G2: 8500 | H2: Corporate Card | I2: Available | J2: Approved | K2: Reimbursed
A3: EXP002 | B3: Arjun Mehta | C3: 46267 | D3: Accommodation | E3: Hotel stay - Bengaluru | F3: Taj Hotels | G3: 12500 | H3: Corporate Card | I3: Available | J3: Approved | K3: Reimbursed
A4: EXP003 | B4: Priya Sharma | C4: 46268 | D4: Meals | E4: Client dinner | F4: Masala Library | G4: 4200 | H4: Corporate Card | I4: Available | J4: Approved | K4: Reimbursed
A5: EXP004 | B5: Rahul Kapoor | C5: 46269 | D5: Transportation | E5: Cab to client office | F5: Uber | G5: 850 | H5: Personal Card | I5: Available | J5: Approved | K5: Reimbursed
A6: EXP005 | B6: Priya Sharma | C6: 46270 | D6: Office Supplies | E6: Stationery purchase | F6: Staples | G6: 1750 | H6: Personal Card | I6: Available | J6: Approved | K6: Pending
A7: EXP006 | B7: Arjun Mehta | C7: 46271 | D7: Travel | E7: Flight to Mumbai | F7: Air India | G7: 7200 | H7: Corporate Card | I7: Available | J7: Approved | K7: Processing
A8: EXP007 | B8: Rahul Kapoor | C8: 46272 | D8: Communication | E8: Mobile reimbursement | F8: Airtel | G8: 1200 | H8: Personal Card | I8: Available | J8: Pending | K8: Pending
A9: EXP008 | B9: Priya Sharma | C9: 46273 | D9: Accommodation | E9: Hotel stay - Pune | F9: Marriott | G9: 9800 | H9: Corporate Card | I9: Available | J9: Approved | K9: Reimbursed
A10: EXP009 | B10: Arjun Mehta | C10: 46274 | D10: Meals | E10: Team lunch | F10: The Bombay Canteen | G10: 3500 | H10: Corporate Card | I10: Available | J10: Pending | K10: Pending
A11: EXP010 | B11: Rahul Kapoor | C11: 46275 | D11: Transportation | E11: Airport transfer | F11: Ola | G11: 1100 | H11: Personal Card | I11: Missing | J11: Approved | K11: Pending
A12: EXP011 | B12: Priya Sharma | C12: 46276 | D12: Travel | E12: Train to Mumbai | F12: IRCTC | G12: 1850 | H12: Corporate Card | I12: Available | J12: Approved | K12: Reimbursed
A13: EXP012 | B13: Arjun Mehta | C13: 46277 | D13: Client Entertainment | E13: Client meeting lunch | F13: ITC Grand | G13: 5600 | H13: Corporate Card | I13: Available | J13: Approved | K13: Processing
... A16: EXP015 | B16: Arjun Mehta | C16: 46280 | D16: Travel | E16: Flight to Delhi | F16: Vistara | G16: 9200 | H16: Corporate Card | I16: Available | J16: Approved | K16: Reimbursed

Sheet Reconciliation
A1: Expense ID | B1: Executive Name | C1: Amount | D1: Receipt Check | E1: Approval Check | F1: Reimbursement Check | G1: Overall Status | H1: Duplicate Check
A2: ='Expense Data'!A2 -> EXP001 | B2: ='Expense Data'!B2 -> Arjun Mehta | C2: ='Expense Data'!G2 -> 8500 | D2: =IF('Expense Data'!I2="Missing","Action Required","OK") -> OK | E2: =IF('Expense Data'!J2="Pending","Pending Approval","OK") -> OK | F2: =IF(OR('Expense Data'!K2="Pending",'Expense Data'!K2="Processing"),"Follow-up Required","OK") -> OK | G2: =IF(OR(D2="Action Required",E2="Pending Approval",F2="Follow-up Required"),"Review Required","Clear") -> Clear | H2: =IF(COUNTIF('Expense Data'!$A:$A,A2)>1,"Duplicate","Unique") -> Unique
A3: ='Expense Data'!A3 -> EXP002 | B3: ='Expense Data'!B3 -> Arjun Mehta | C3: ='Expense Data'!G3 -> 12500 | D3: =IF('Expense Data'!I3="Missing","Action Required","OK") -> OK | E3: =IF('Expense Data'!J3="Pending","Pending Approval","OK") -> OK | F3: =IF(OR('Expense Data'!K3="Pending",'Expense Data'!K3="Processing"),"Follow-up Required","OK") -> OK | G3: =IF(OR(D3="Action Required",E3="Pending Approval",F3="Follow-up Required"),"Review Required","Clear") -> Clear | H3: =IF(COUNTIF('Expense Data'!$A:$A,A3)>1,"Duplicate","Unique") -> Unique
A4: ='Expense Data'!A4 -> EXP003 | B4: ='Expense Data'!B4 -> Priya Sharma | C4: ='Expense Data'!G4 -> 4200 | D4: =IF('Expense Data'!I4="Missing","Action Required","OK") -> OK | E4: =IF('Expense Data'!J4="Pending","Pending Approval","OK") -> OK | F4: =IF(OR('Expense Data'!K4="Pending",'Expense Data'!K4="Processing"),"Follow-up Required","OK") -> OK | G4: =IF(OR(D4="Action Required",E4="Pending Approval",F4="Follow-up Required"),"Review Required","Clear") -> Clear | H4: =IF(COUNTIF('Expense Data'!$A:$A,A4)>1,"Duplicate","Unique") -> Unique
A5: ='Expense Data'!A5 -> EXP004 | B5: ='Expense Data'!B5 -> Rahul Kapoor | C5: ='Expense Data'!G5 -> 850 | D5: =IF('Expense Data'!I5="Missing","Action Required","OK") -> OK | E5: =IF('Expense Data'!J5="Pending","Pending Approval","OK") -> OK | F5: =IF(OR('Expense Data'!K5="Pending",'Expense Data'!K5="Processing"),"Follow-up Required","OK") -> OK | G5: =IF(OR(D5="Action Required",E5="Pending Approval",F5="Follow-up Required"),"Review Required","Clear") -> Clear | H5: =IF(COUNTIF('Expense Data'!$A:$A,A5)>1,"Duplicate","Unique") -> Unique
A6: ='Expense Data'!A6 -> EXP005 | B6: ='Expense Data'!B6 -> Priya Sharma | C6: ='Expense Data'!G6 -> 1750 | D6: =IF('Expense Data'!I6="Missing","Action Required","OK") -> OK | E6: =IF('Expense Data'!J6="Pending","Pending Approval","OK") -> OK | F6: =IF(OR('Expense Data'!K6="Pending",'Expense Data'!K6="Processing"),"Follow-up Required","OK") -> Follow-up Required | G6: =IF(OR(D6="Action Required",E6="Pending Approval",F6="Follow-up Required"),"Review Required","Clear") -> Review Required | H6: =IF(COUNTIF('Expense Data'!$A:$A,A6)>1,"Duplicate","Unique") -> Unique
A7: ='Expense Data'!A7 -> EXP006 | B7: ='Expense Data'!B7 -> Arjun Mehta | C7: ='Expense Data'!G7 -> 7200 | D7: =IF('Expense Data'!I7="Missing","Action Required","OK") -> OK | E7: =IF('Expense Data'!J7="Pending","Pending Approval","OK") -> OK | F7: =IF(OR('Expense Data'!K7="Pending",'Expense Data'!K7="Processing"),"Follow-up Required","OK") -> Follow-up Required | G7: =IF(OR(D7="Action Required",E7="Pending Approval",F7="Follow-up Required"),"Review Required","Clear") -> Review Required | H7: =IF(COUNTIF('Expense Data'!$A:$A,A7)>1,"Duplicate","Unique") -> Unique
A8: ='Expense Data'!A8 -> EXP007 | B8: ='Expense Data'!B8 -> Rahul Kapoor | C8: ='Expense Data'!G8 -> 1200 | D8: =IF('Expense Data'!I8="Missing","Action Required","OK") -> OK | E8: =IF('Expense Data'!J8="Pending","Pending Approval","OK") -> Pending Approval | F8: =IF(OR('Expense Data'!K8="Pending",'Expense Data'!K8="Processing"),"Follow-up Required","OK") -> Follow-up Required | G8: =IF(OR(D8="Action Required",E8="Pending Approval",F8="Follow-up Required"),"Review Required","Clear") -> Review Required | H8: =IF(COUNTIF('Expense Data'!$A:$A,A8)>1,"Duplicate","Unique") -> Unique
A9: ='Expense Data'!A9 -> EXP008 | B9: ='Expense Data'!B9 -> Priya Sharma | C9: ='Expense Data'!G9 -> 9800 | D9: =IF('Expense Data'!I9="Missing","Action Required","OK") -> OK | E9: =IF('Expense Data'!J9="Pending","Pending Approval","OK") -> OK | F9: =IF(OR('Expense Data'!K9="Pending",'Expense Data'!K9="Processing"),"Follow-up Required","OK") -> OK | G9: =IF(OR(D9="Action Required",E9="Pending Approval",F9="Follow-up Required"),"Review Required","Clear") -> Clear | H9: =IF(COUNTIF('Expense Data'!$A:$A,A9)>1,"Duplicate","Unique") -> Unique
A10: ='Expense Data'!A10 -> EXP009 | B10: ='Expense Data'!B10 -> Arjun Mehta | C10: ='Expense Data'!G10 -> 3500 | D10: =IF('Expense Data'!I10="Missing","Action Required","OK") -> OK | E10: =IF('Expense Data'!J10="Pending","Pending Approval","OK") -> Pending Approval | F10: =IF(OR('Expense Data'!K10="Pending",'Expense Data'!K10="Processing"),"Follow-up Required","OK") -> Follow-up Required | G10: =IF(OR(D10="Action Required",E10="Pending Approval",F10="Follow-up Required"),"Review Required","Clear") -> Review Required | H10: =IF(COUNTIF('Expense Data'!$A:$A,A10)>1,"Duplicate","Unique") -> Unique
A11: ='Expense Data'!A11 -> EXP010 | B11: ='Expense Data'!B11 -> Rahul Kapoor | C11: ='Expense Data'!G11 -> 1100 | D11: =IF('Expense Data'!I11="Missing","Action Required","OK") -> Action Required | E11: =IF('Expense Data'!J11="Pending","Pending Approval","OK") -> OK | F11: =IF(OR('Expense Data'!K11="Pending",'Expense Data'!K11="Processing"),"Follow-up Required","OK") -> Follow-up Required | G11: =IF(OR(D11="Action Required",E11="Pending Approval",F11="Follow-up Required"),"Review Required","Clear") -> Review Required | H11: =IF(COUNTIF('Expense Data'!$A:$A,A11)>1,"Duplicate","Unique") -> Unique
A12: ='Expense Data'!A12 -> EXP011 | B12: ='Expense Data'!B12 -> Priya Sharma | C12: ='Expense Data'!G12 -> 1850 | D12: =IF('Expense Data'!I12="Missing","Action Required","OK") -> OK | E12: =IF('Expense Data'!J12="Pending","Pending Approval","OK") -> OK | F12: =IF(OR('Expense Data'!K12="Pending",'Expense Data'!K12="Processing"),"Follow-up Required","OK") -> OK | G12: =IF(OR(D12="Action Required",E12="Pending Approval",F12="Follow-up Required"),"Review Required","Clear") -> Clear | H12: =IF(COUNTIF('Expense Data'!$A:$A,A12)>1,"Duplicate","Unique") -> Unique
A13: ='Expense Data'!A13 -> EXP012 | B13: ='Expense Data'!B13 -> Arjun Mehta | C13: ='Expense Data'!G13 -> 5600 | D13: =IF('Expense Data'!I13="Missing","Action Required","OK") -> OK | E13: =IF('Expense Data'!J13="Pending","Pending Approval","OK") -> OK | F13: =IF(OR('Expense Data'!K13="Pending",'Expense Data'!K13="Processing"),"Follow-up Required","OK") -> Follow-up Required | G13: =IF(OR(D13="Action Required",E13="Pending Approval",F13="Follow-up Required"),"Review Required","Clear") -> Review Required | H13: =IF(COUNTIF('Expense Data'!$A:$A,A13)>1,"Duplicate","Unique") -> Unique
... A16: ='Expense Data'!A16 -> EXP015 | B16: ='Expense Data'!B16 -> Arjun Mehta | C16: ='Expense Data'!G16 -> 9200 | D16: =IF('Expense Data'!I16="Missing","Action Required","OK") -> OK | E16: =IF('Expense Data'!J16="Pending","Pending Approval","OK") -> OK | F16: =IF(OR('Expense Data'!K16="Pending",'Expense Data'!K16="Processing"),"Follow-up Required","OK") -> OK | G16: =IF(OR(D16="Action Required",E16="Pending Approval",F16="Follow-up Required"),"Review Required","Clear") -> Clear | H16: =IF(COUNTIF('Expense Data'!$A:$A,A16)>1,"Duplicate","Unique") -> Unique

Sheet Dashboard
A1: Executive Expense & Reconciliation Dashboard
A3: Total Expenses | C3: Approved Amount | E3: Pending Amount | G3: Reimbursed Amount
A4: =SUM(ExpenseTable[Amount]) -> 70549 | C4: =SUMIFS(ExpenseTable[Amount],ExpenseTable[Approval Status],"Approved") -> 64850 | E4: =SUMIFS(ExpenseTable[Amount],ExpenseTable[Approval Status],"Pending") -> 5699 | G4: =SUMIFS(ExpenseTable[Amount],ExpenseTable[Reimbursement Status],"Reimbursed") -> 49200
A7: Category | B7: Total Amount
A8: Travel | B8: =SUMIFS(ExpenseTable[Amount],ExpenseTable[Category],A8) -> 26750
A9: Accommodation | B9: =SUMIFS(ExpenseTable[Amount],ExpenseTable[Category],A9) -> 22300
A10: Meals | B10: =SUMIFS(ExpenseTable[Amount],ExpenseTable[Category],A10) -> 7700
A11: Transportation | B11: =SUMIFS(ExpenseTable[Amount],ExpenseTable[Category],A11) -> 1950
A12: Office Supplies | B12: =SUMIFS(ExpenseTable[Amount],ExpenseTable[Category],A12) -> 4050
A13: Client Entertainment | B13: =SUMIFS(ExpenseTable[Amount],ExpenseTable[Category],A13) -> 5600
A14: Communication | B14: =SUMIFS(ExpenseTable[Amount],ExpenseTable[Category],A14) -> 2199
A15: Other | B15: =SUMIFS(ExpenseTable[Amount],ExpenseTable[Category],A15) -> 0
A18: Approval Status | B18: Count | I18: Exception Summary
A19: Approved | B19: =COUNTIF(ExpenseTable[Approval Status],A19) -> 12 | I19: Issue | J19: Count
A20: Pending | B20: =COUNTIF(ExpenseTable[Approval Status],A20) -> 3 | I20: Pending Approval | J20: =COUNTIF(ExpenseTable[Approval Status],"Pending") -> 3
A21: Rejected | B21: =COUNTIF(ExpenseTable[Approval Status],A21) -> 0 | I21: Pending Reimbursement | J21: =COUNTIF(ExpenseTable[Reimbursement Status],"Pending") -> 5
I22: Missing Receipt | J22: =COUNTIF(ExpenseTable[Receipt Status],"Missing") -> 1
I23: Duplicate Expense | J23: =COUNTIF(Reconciliation!$H$2:$H$16,"Duplicate") -> 0
A24: Reimbursement Status | B24: Count
A25: Reimbursed | B25: =COUNTIF(ExpenseTable[Reimbursement Status],A25) -> 8
A26: Pending | B26: =COUNTIF(ExpenseTable[Reimbursement Status],A26) -> 5
A27: Processing | B27: =COUNTIF(ExpenseTable[Reimbursement Status],A27) -> 2
A28: Rejected | B28: =COUNTIF(ExpenseTable[Reimbursement Status],A28) -> 0

Sheet Lists
A1: Expense Categories | B1: Payment Methods | C1: Approval Status | D1: Reimbursement Status | E1: Receipt Status
A2: Travel | B2: Corporate Card | C2: Pending | D2: Not Applicable | E2: Available
A3: Accommodation | B3: Personal Card | C3: Approved | D3: Pending | E3: Missing
A4: Meals | B4: Cash | C4: Rejected | D4: Processing | E4: Not Required
A5: Transportation | B5: Bank Transfer | D5: Reimbursed
A6: Office Supplies | D6: Rejected
A7: Client Entertainment
A8: Communication
A9: Other
